{
    "mitigationVSDYes": 37.617841333333331,
    "mitigationVSDNo": 40.025299333333336
}